{
 "actions": [],
 "allow_rename": 1,
 "autoname": "STUD.###",
 "creation": "2023-12-11 16:04:10.499122",
 "doctype": "DocType",
 "editable_grid": 1,
 "engine": "InnoDB",
 "field_order": [
  "hist_mks",
  "math_mks",
  "sci_mks"
 ],
 "fields": [
  {
   "fieldname": "hist_mks",
   "fieldtype": "Int",
   "in_list_view": 1,
   "label": "History",
   "reqd": 1
  },
  {
   "fieldname": "math_mks",
   "fieldtype": "Int",
   "in_list_view": 1,
   "label": "Maths",
   "reqd": 1
  },
  {
   "fieldname": "sci_mks",
   "fieldtype": "Int",
   "in_list_view": 1,
   "label": "Science",
   "reqd": 1
  }
 ],
 "index_web_pages_for_search": 1,
 "istable": 1,
 "links": [],
 "modified": "2023-12-11 16:04:10.499122",
 "modified_by": "Administrator",
 "module": "Students_data",
 "name": "Marks",
 "naming_rule": "Expression (old style)",
 "owner": "Administrator",
 "permissions": [],
 "sort_field": "modified",
 "sort_order": "DESC",
 "states": []
}