{
 "_liked_by": "[\"Administrator\"]",
 "actions": [],
 "creation": "2023-12-14 10:10:38.115989",
 "default_view": "List",
 "doctype": "DocType",
 "editable_grid": 1,
 "engine": "InnoDB",
 "field_order": [
  "date",
  "learned_things"
 ],
 "fields": [
  {
   "fieldname": "date",
   "fieldtype": "Data",
   "in_list_view": 1,
   "label": "Date",
   "read_only": 1
  },
  {
   "fieldname": "learned_things",
   "fieldtype": "Data",
   "in_list_view": 1,
   "label": "Learned Things"
  }
 ],
 "index_web_pages_for_search": 1,
 "istable": 1,
 "links": [],
 "modified": "2023-12-14 11:39:02.288952",
 "modified_by": "Administrator",
 "module": "Customer Info",
 "name": "Dates",
 "owner": "Administrator",
 "permissions": [],
 "quick_entry": 1,
 "sort_field": "modified",
 "sort_order": "DESC",
 "states": []
}